Record_Tag,Receiver,Vendor,Sender,Name,Location,Reporting_Date,ReqDelivery_Dat,Beginning_PO_Number,Ending_PO_Number,Sequence,Line_Number,Item_Cod,CODE-QA,CODE-QW,CODE-QP,CODE-QD,CODE-QO,CODE-QC,CODE-QX,CODE-OQ,OTHER,UOM,Price,Date_Process
852,DOLEDFV,,5137624388,KROGER,0782260811103,20210829,,84051,84080,,,10011110016642,30,46,300,,1,1,,94,,CA,,20210829
852,DOLEDFV,,5137624388,KROGER,0782260811103,20210829,,84051,84080,,,10011110024746,103,113,540,,34,55,,175,,CA,,20210829
852,DOLEDFV,,5137624388,KROGER,0782260811103,20210829,,84051,84080,,,10011110044904,33,31,290,,6,7,,67,,CA,,20210829
852,DOLEDFV,,5137624388,KROGER,0782260811103,20210829,,84051,84080,,,10011110047912,50,6,290,,6,8,,74,,CA,,20210829
852,DOLEDFV,,5137624388,KROGER,0782260811103,20210829,,84051,84080,,,10011110061062,0,15,710,,2,1,,178,,CA,,20210829
852,DOLEDFV,,5137624388,KROGER,0782260811103,20210829,,84051,84080,,,10011110181661,73,82,576,,0,1,,122,,CA,,20210829
852,DOLEDFV,,5137624388,KROGER,0782260811103,20210829,,84051,84080,,,10011110181678,162,188,900,,0,99,,192,,CA,,20210829
852,DOLEDFV,,5137624388,KROGER,0782260811103,20210829,,84051,84080,,,10011110181685,144,0,1296,,3,3,,342,,CA,,20210829
852,DOLEDFV,,5137624388,KROGER,0782260811103,20210829,,84051,84080,,,10011110182453,25,12,270,,0,0,,60,,CA,,20210829
852,DOLEDFV,,5137624388,KROGER,0782260811103,20210829,,84051,84080,,,10011110207040,8,84,490,,0,12,,94,,CA,,20210829
852,DOLEDFV,,5137624388,KROGER,0782260811103,20210829,,84051,84080,,,10011110221480,27,54,380,,0,27,,148,,CA,,20210829
852,DOLEDFV,,5137624388,KROGER,0782260811103,20210829,,84051,84080,,,10011110221497,1,78,280,,7,16,,118,,CA,,20210829
852,DOLEDFV,,5137624388,KROGER,0782260811103,20210829,,84051,84080,,,10011110221503,26,42,310,,0,26,,127,,CA,,20210829
852,DOLEDFV,,5137624388,KROGER,0782260811103,20210829,,84051,84080,,,10011110236613,30,25,180,,0,7,,17,,CA,,20210829
852,DOLEDFV,,5137624388,KROGER,0782260811103,20210829,,84051,84080,,,10011110804706,0,0,630,,99,1,,145,,CA,,20210829
852,DOLEDFV,,5137624388,KROGER,0782260811103,20210829,,84051,84080,,,10011110910353,387,218,672,,0,72,,185,,CA,,20210829
852,DOLEDFV,,5137624388,KROGER,0782260811103,20210829,,84051,84080,,,10011110910360,79,233,720,,6,79,,206,,CA,,20210829
852,DOLEDFV,,5137624388,KROGER,0782260811103,20210829,,84051,84080,,,10011110910377,51,136,540,,0,50,,169,,CA,,20210829
852,DOLEDFV,,5137624388,KROGER,0782260811103,20210829,,84051,84080,,,10011110910384,390,239,720,,0,82,,195,,CA,,20210829
852,DOLEDFV,,5137624388,KROGER,0782260811103,20210829,,84051,84080,,,10011110910407,94,242,1350,,2,75,,213,,CA,,20210829
852,DOLEDFV,,5137624388,KROGER,0782260811103,20210829,,84051,84080,,,10011110910414,91,233,720,,0,95,,204,,CA,,20210829
852,DOLEDFV,,5137624388,KROGER,0782260811103,20210829,,84051,84080,,,10011110910421,309,182,480,,0,61,,138,,CA,,20210829
852,DOLEDFV,,5137624388,KROGER,0782260811103,20210829,,84051,84080,,,10011110910445,99,178,720,,0,94,,290,,CA,,20210829
852,DOLEDFV,,5137624388,KROGER,0782260811103,20210829,,84051,84080,,,10011110910452,79,141,540,,0,74,,184,,CA,,20210829
852,DOLEDFV,,5137624388,KROGER,0782260811103,20210829,,84051,84080,,,10011110910469,119,202,540,,3,76,,164,,CA,,20210829
852,DOLEDFV,,5137624388,KROGER,0782260811103,20210829,,84051,84080,,,10011110910483,83,122,450,,0,52,,108,,CA,,20210829
852,DOLEDFV,,5137624388,KROGER,0782260811103,20210829,,84051,84080,,,10011110910506,23,153,432,,0,70,,140,,CA,,20210829
852,DOLEDFV,,5137624388,KROGER,0782260811103,20210829,,84051,84080,,,10011110910520,111,179,720,,13,67,,149,,CA,,20210829
852,DOLEDFV,,5137624388,KROGER,0782260811103,20210829,,84051,84080,,,10011110910841,111,135,384,,8,62,,131,,CA,,20210829
852,DOLEDFV,,5137624388,KROGER,0782260811103,20210829,,84051,84080,,,10011110914061,194,152,480,,11,32,,104,,CA,,20210829
852,DOLEDFV,,5137624388,KROGER,0782260811103,20210829,,84051,84080,,,10011110914085,0,152,1248,,160,122,,373,,CA,,20210829
852,DOLEDFV,,5137624388,KROGER,0782260811103,20210829,,84051,84080,,,10011110914115,471,1073,2976,,20,429,,876,,CA,,20210829
852,DOLEDFV,,5137624388,KROGER,0782260811103,20210829,,84051,84080,,,10011110914122,0,0,672,,132,60,,270,,CA,,20210829
852,DOLEDFV,,5137624388,KROGER,0782260811103,20210829,,84051,84080,,,10011110914269,406,457,1595,,0,185,,394,,CA,,20210829
852,DOLEDFV,,5137624388,KROGER,0782260811103,20210829,,84051,84080,,,10011110914276,144,345,1035,,3,131,,302,,CA,,20210829
852,DOLEDFV,,5137624388,KROGER,0782260811103,20210829,,84051,84080,,,10011110914306,51,537,1536,,9,234,,551,,CA,,20210829
852,DOLEDFV,,5137624388,KROGER,0782260811103,20210829,,84051,84080,,,10011110914719,0,177,864,,95,89,,225,,CA,,20210829
852,DOLEDFV,,5137624388,KROGER,0782260811103,20210829,,84051,84080,,,10011110916133,351,527,1800,,33,205,,499,,CA,,20210829
852,DOLEDFV,,5137624388,KROGER,0782260811103,20210829,,84051,84080,,,10011110916492,471,492,1560,,5,218,,439,,CA,,20210829
852,DOLEDFV,,5137624388,KROGER,0782260811103,20210829,,84051,84080,,,10011110917277,44,102,576,,34,79,,176,,CA,,20210829
852,DOLEDFV,,5137624388,KROGER,0782260811103,20210829,,84051,84080,,,10011110917338,0,127,769,,100,88,,209,,CA,,20210829
852,DOLEDFV,,5137624388,KROGER,0782260811103,20210829,,84051,84080,,,10011110970210,20,14,180,,0,0,,54,,CA,,20210829
852,DOLEDFV,,5137624388,KROGER,0782260811103,20210829,,84051,84080,,,10027918025120,0,0,30,,0,0,,24,,CA,,20210829
852,DOLEDFV,,5137624388,KROGER,0782260811103,20210829,,84051,84080,,,10027918025137,0,3,30,,0,0,,15,,CA,,20210829
852,DOLEDFV,,5137624388,KROGER,0782260811103,20210829,,84051,84080,,,10027918025144,18,3,10,,0,1,,3,,CA,,20210829
852,DOLEDFV,,5137624388,KROGER,0782260811103,20210829,,84051,84080,,,10027918120009,17,2,0,,0,1,,2,,CA,,20210829
852,DOLEDFV,,5137624388,KROGER,0782260811103,20210829,,84051,84080,,,10071430000295,23,57,230,,0,24,,55,,CA,,20210829
852,DOLEDFV,,5137624388,KROGER,0782260811103,20210829,,84051,84080,,,10071430000318,33,87,220,,0,29,,85,,CA,,20210829
852,DOLEDFV,,5137624388,KROGER,0782260811103,20210829,,84051,84080,,,10071430000349,22,121,350,,1,43,,132,,CA,,20210829
852,DOLEDFV,,5137624388,KROGER,0782260811103,20210829,,84051,84080,,,10071430000356,73,148,470,,1,58,,117,,CA,,20210829
852,DOLEDFV,,5137624388,KROGER,0782260811103,20210829,,84051,84080,,,10071430000806,18,27,170,,3,13,,52,,CA,,20210829
852,DOLEDFV,,5137624388,KROGER,0782260811103,20210829,,84051,84080,,,10071430000837,100,129,520,,24,56,,124,,CA,,20210829
852,DOLEDFV,,5137624388,KROGER,0782260811103,20210829,,84051,84080,,,10071430000844,73,207,700,,0,76,,233,,CA,,20210829
852,DOLEDFV,,5137624388,KROGER,0782260811103,20210829,,84051,84080,,,10071430000851,0,0,0,,0,0,,,,CA,,20210829
852,DOLEDFV,,5137624388,KROGER,0782260811103,20210829,,84051,84080,,,10071430000882,32,82,360,,1,30,,89,,CA,,20210829
852,DOLEDFV,,5137624388,KROGER,0782260811103,20210829,,84051,84080,,,10071430000899,38,113,380,,0,35,,128,,CA,,20210829
852,DOLEDFV,,5137624388,KROGER,0782260811103,20210829,,84051,84080,,,10071430000912,19,74,190,,0,19,,64,,CA,,20210829
852,DOLEDFV,,5137624388,KROGER,0782260811103,20210829,,84051,84080,,,10071430000936,34,47,240,,0,23,,48,,CA,,20210829
852,DOLEDFV,,5137624388,KROGER,0782260811103,20210829,,84051,84080,,,10071430000943,15,45,130,,0,15,,64,,CA,,20210829
852,DOLEDFV,,5137624388,KROGER,0782260811103,20210829,,84051,84080,,,10071430000998,0,0,0,,0,0,,,,CA,,20210829
852,DOLEDFV,,5137624388,KROGER,0782260811103,20210829,,84051,84080,,,10071430001001,0,0,0,,0,0,,,,CA,,20210829
852,DOLEDFV,,5137624388,KROGER,0782260811103,20210829,,84051,84080,,,10071430001018,0,0,0,,0,0,,,,CA,,20210829
852,DOLEDFV,,5137624388,KROGER,0782260811103,20210829,,84051,84080,,,10071430001483,47,83,190,,0,43,,124,,CA,,20210829
852,DOLEDFV,,5137624388,KROGER,0782260811103,20210829,,84051,84080,,,10071430001643,0,0,0,,0,0,,,,CA,,20210829
852,DOLEDFV,,5137624388,KROGER,0782260811103,20210829,,84051,84080,,,10071430001650,0,0,0,,0,0,,,,CA,,20210829
852,DOLEDFV,,5137624388,KROGER,0782260811103,20210829,,84051,84080,,,10071430001667,0,0,30,,0,0,,51,,CA,,20210829
852,DOLEDFV,,5137624388,KROGER,0782260811103,20210829,,84051,84080,,,10071430001681,47,83,390,,0,48,,130,,CA,,20210829
852,DOLEDFV,,5137624388,KROGER,0782260811103,20210829,,84051,84080,,,10071430008062,87,203,800,,0,74,,220,,CA,,20210829
852,DOLEDFV,,5137624388,KROGER,0782260811103,20210829,,84051,84080,,,10071430009106,33,117,430,,0,33,,115,,CA,,20210829
852,DOLEDFV,,5137624388,KROGER,0782260811103,20210829,,84051,84080,,,10071430009250,25,65,400,,1,24,,83,,CA,,20210829
852,DOLEDFV,,5137624388,KROGER,0782260811103,20210829,,84051,84080,,,10071430009335,46,152,400,,1,46,,203,,CA,,20210829
852,DOLEDFV,,5137624388,KROGER,0782260811103,20210829,,84051,84080,,,10071430009519,62,68,720,,0,56,,340,,CA,,20210829
852,DOLEDFV,,5137624388,KROGER,0782260811103,20210829,,84051,84080,,,10071430009564,87,129,450,,0,69,,142,,CA,,20210829
852,DOLEDFV,,5137624388,KROGER,0782260811103,20210829,,84051,84080,,,10071430009649,127,198,600,,0,79,,173,,CA,,20210829
852,DOLEDFV,,5137624388,KROGER,0782260811103,20210829,,84051,84080,,,10071430009748,58,138,350,,4,54,,124,,CA,,20210829
852,DOLEDFV,,5137624388,KROGER,0782260811103,20210829,,84051,84080,,,20071430009769,0,59,330,,43,25,,109,,CA,,20210829
852,DOLEDFV,,5137624388,KROGER,0782260811103,20210829,,84051,84080,,,10071430010089,3,73,230,,0,10,,66,,CA,,20210829
852,DOLEDFV,,5137624388,KROGER,0782260811103,20210829,,84051,84080,,,10071430010362,26,68,80,,0,26,,58,,CA,,20210829
852,DOLEDFV,,5137624388,KROGER,0782260811103,20210829,,84051,84080,,,10071430010379,25,58,290,,17,9,,134,,CA,,20210829
852,DOLEDFV,,5137624388,KROGER,0782260811103,20210829,,84051,84080,,,10071430010539,0,0,0,,0,0,,,,CA,,20210829
852,DOLEDFV,,5137624388,KROGER,0782260811103,20210829,,84051,84080,,,20071430010659,178,145,510,,0,51,,121,,CA,,20210829
852,DOLEDFV,,5137624388,KROGER,0782260811103,20210829,,84051,84080,,,20071430010666,53,135,400,,0,48,,113,,CA,,20210829
852,DOLEDFV,,5137624388,KROGER,0782260811103,20210829,,84051,84080,,,10071430010706,147,184,600,,0,63,,148,,CA,,20210829
852,DOLEDFV,,5137624388,KROGER,0782260811103,20210829,,84051,84080,,,10071430010720,0,0,350,,0,0,,126,,CA,,20210829
852,DOLEDFV,,5137624388,KROGER,0782260811103,20210829,,84051,84080,,,10071430010737,26,105,190,,0,31,,138,,CA,,20210829
852,DOLEDFV,,5137624388,KROGER,0782260811103,20210829,,84051,84080,,,10071430017019,18,56,270,,0,17,,91,,CA,,20210829
852,DOLEDFV,,5137624388,KROGER,0782260811103,20210829,,84051,84080,,,10071430017026,329,457,1370,,5,207,,394,,CA,,20210829
852,DOLEDFV,,5137624388,KROGER,0782260811103,20210829,,84051,84080,,,10071430017408,0,0,0,,0,0,,,,CA,,20210829
852,DOLEDFV,,5137624388,KROGER,0782260811103,20210829,,84051,84080,,,10071430017460,0,0,0,,0,0,,,,CA,,20210829
852,DOLEDFV,,5137624388,KROGER,0782260811103,20210829,,84051,84080,,,00406048005210,0,0,50,,0,0,,,,CA,,20210829
852,DOLEDFV,,5137624388,KROGER,0782260811103,20210829,,84051,84080,,,00406048010900,0,0,50,,0,0,,,,CA,,20210829
852,DOLEDFV,,5137624388,KROGER,0782260811103,20210829,,84051,84080,,,00406048012966,2182,687,2400,,0,320,,682,,CA,,20210829
852,DOLEDFV,,5137624388,KROGER,0782260811103,20210829,,84051,84080,,,00406048013543,0,0,0,,0,0,,,,CA,,20210829
852,DOLEDFV,,5137624388,KROGER,0782260811103,20210829,,84051,84080,,,00406048019491,50,78,448,,0,25,,99,,CA,,20210829
852,DOLEDFV,,5137624388,KROGER,0782260811103,20210829,,84051,84080,,,00406048030793,450,571,4760,,84,283,,647,,CA,,20210829
852,DOLEDFV,,5137624388,KROGER,0782260811103,20210829,,84051,84080,,,00406048031318,0,0,0,,0,0,,,,CA,,20210829
852,DOLEDFV,,5137624388,KROGER,0782260811103,20210829,,84051,84080,,,00406048039765,0,17,0,,0,0,,,,CA,,20210829
852,DOLEDFV,,5137624388,KROGER,0782260811103,20210829,,84051,84080,,,00406048040099,208,186,1120,,0,68,,158,,CA,,20210829
852,DOLEDFV,,5137624388,KROGER,0782260811103,20210829,,84051,84080,,,00406048040105,141,81,410,,1,30,,69,,CA,,20210829
852,DOLEDFV,,5137624388,KROGER,0782260811103,20210829,,84051,84080,,,00406048040112,163,200,1260,,0,84,,184,,CA,,20210829
852,DOLEDFV,,5137624388,KROGER,0782260811103,20210829,,84051,84080,,,00406048040129,318,372,2300,,0,161,,345,,CA,,20210829
852,DOLEDFV,,5137624388,KROGER,0782260811103,20210829,,84051,84080,,,00406048040136,19,6,110,,0,1,,37,,CA,,20210829
852,DOLEDFV,,5137624388,KROGER,0782260811103,20210829,,84051,84080,,,00406048041331,220,374,1855,,0,167,,330,,CA,,20210829
852,DOLEDFV,,5137624388,KROGER,0782260811103,20210829,,84051,84080,,,00406048049474,37,123,595,,2,34,,127,,CA,,20210829
852,DOLEDFV,,5137624388,KROGER,0782260811103,20210829,,84051,84080,,,00406048052665,0,0,0,,0,0,,,,CA,,20210829
852,DOLEDFV,,5137624388,KROGER,0782260811103,20210829,,84051,84080,,,00406048054553,0,0,0,,0,0,,,,CA,,20210829
852,DOLEDFV,,5137624388,KROGER,0782260811103,20210829,,84051,84080,,,00406048067645,0,0,0,,0,0,,,,CA,,20210829
852,DOLEDFV,,5137624388,KROGER,0782260811103,20210829,,84051,84080,,,00406048068154,31,22,270,,0,2,,46,,CA,,20210829
852,DOLEDFV,,5137624388,KROGER,0782260811103,20210829,,84051,84080,,,00406048069014,54,113,632,,0,28,,,,CA,,20210829
852,DOLEDFV,,5137624388,KROGER,0782260811103,20210829,,84051,84080,,,00406048078719,63,69,760,,0,16,,189,,CA,,20210829
852,DOLEDFV,,5137624388,KROGER,0782260811103,20210829,,84051,84080,,,00406048081924,15,9,23,,0,6,,9,,CA,,20210829
852,DOLEDFV,,5137624388,KROGER,0782260811103,20210829,,84051,84080,,,00406048082358,0,0,0,,0,0,,93,,CA,,20210829
852,DOLEDFV,,5137624388,KROGER,0782260811103,20210829,,84051,84080,,,00406048084307,0,0,0,,0,0,,,,CA,,20210829
852,DOLEDFV,,5137624388,KROGER,0782260811103,20210829,,84051,84080,,,00406048084536,5,0,52,,0,0,,13,,CA,,20210829
852,DOLEDFV,,5137624388,KROGER,0782260811103,20210829,,84051,84080,,,00406048084567,183,56,110,,0,24,,50,,CA,,20210829
852,DOLEDFV,,5137624388,KROGER,0782260811103,20210829,,84051,84080,,,00406048084673,0,0,0,,0,0,,,,CA,,20210829
852,DOLEDFV,,5137624388,KROGER,0782260811103,20210829,,84051,84080,,,00406048088893,0,0,0,,0,0,,,,CA,,20210829
852,DOLEDFV,,5137624388,KROGER,0782260811103,20210829,,84051,84080,,,00406048088909,0,0,210,,0,0,,49,,CA,,20210829
852,DOLEDFV,,5137624388,KROGER,0782260811103,20210829,,84051,84080,,,00406048089333,0,0,0,,0,0,,,,CA,,20210829
852,DOLEDFV,,5137624388,KROGER,0782260811103,20210829,,84051,84080,,,00406048089500,53,21,150,,0,19,,38,,CA,,20210829
852,DOLEDFV,,5137624388,KROGER,0782260811103,20210829,,84051,84080,,,10716519009812,0,0,0,,0,0,,,,CA,,20210829
852,DOLEDFV,,5137624388,KROGER,0782260811103,20210829,,84051,84080,,,10716519009836,0,0,0,,0,0,,,,CA,,20210829
852,DOLEDFV,,5137624388,KROGER,0782260811103,20210829,,84051,84080,,,10716519012683,0,0,0,,0,0,,,,CA,,20210829
852,DOLEDFV,,5137624388,KROGER,0782260811103,20210829,,84051,84080,,,10716519036795,0,0,6,,0,0,,3,,CA,,20210829
852,DOLEDFV,,5137624388,KROGER,0782260811103,20210829,,84051,84080,,,10716519036818,0,0,0,,0,0,,1,,CA,,20210829
852,DOLEDFV,,5137624388,KROGER,0782260811103,20210829,,84051,84080,,,10716519038850,0,0,0,,0,0,,,,CA,,20210829
852,DOLEDFV,,5137624388,KROGER,0782260811103,20210829,,84051,84080,,,10818431001094,0,0,0,,0,0,,1,,CA,,20210829
852,DOLEDFV,,5137624388,KROGER,0782260811103,20210829,,84051,84080,,,20850016838142,0,0,0,,0,0,,2,,CA,,20210829
852,DOLEDFV,,5137624388,KROGER,0782260811103,20210829,,84051,84080,,,20850016838166,0,0,0,,0,0,,2,,CA,,20210829
852,DOLEDFV,,5137624388,KROGER,0782260811103,20210829,,84051,84080,,,20850016838173,0,0,0,,0,0,,2,,CA,,20210829
852,DOLEDFV,,5137624388,KROGER,0782260811103,20210829,,84051,84080,,,20850016838180,0,0,0,,0,0,,2,,CA,,20210829
Record_Tag,Receiver,Vendor,Sender,Name,Location,Reporting_Date,ReqDelivery_Dat,Beginning_PO_Number,Ending_PO_Number,Sequence,Line_Number,Item_Cod,CODE-QA,CODE-QW,CODE-QP,CODE-QD,CODE-QO,CODE-QC,CODE-QX,CODE-OQ,OTHER,UOM,Price,Date_Process
852,DOLEDFV,,5137624388,KROGER,0079088091501,20210829,,59739,59763,,,10071430000295,223,20,260,,0,41,,61,,CA,,20210829
852,DOLEDFV,,5137624388,KROGER,0079088091501,20210829,,59739,59763,,,10071430000318,146,28,450,,0,35,,63,,CA,,20210829
852,DOLEDFV,,5137624388,KROGER,0079088091501,20210829,,59739,59763,,,10071430000349,529,49,600,,0,69,,118,,CA,,20210829
852,DOLEDFV,,5137624388,KROGER,0079088091501,20210829,,59739,59763,,,10071430000356,403,34,600,,0,61,,95,,CA,,20210829
852,DOLEDFV,,5137624388,KROGER,0079088091501,20210829,,59739,59763,,,10071430000806,225,4,280,,0,17,,21,,CA,,20210829
852,DOLEDFV,,5137624388,KROGER,0079088091501,20210829,,59739,59763,,,10071430000837,112,31,820,,0,31,,62,,CA,,20210829
852,DOLEDFV,,5137624388,KROGER,0079088091501,20210829,,59739,59763,,,10071430000844,598,48,750,,0,76,,124,,CA,,20210829
852,DOLEDFV,,5137624388,KROGER,0079088091501,20210829,,59739,59763,,,10071430000851,0,0,0,,0,0,,,,CA,,20210829
852,DOLEDFV,,5137624388,KROGER,0079088091501,20210829,,59739,59763,,,10071430000882,95,10,170,,0,27,,37,,CA,,20210829
852,DOLEDFV,,5137624388,KROGER,0079088091501,20210829,,59739,59763,,,10071430000899,186,18,410,,0,36,,54,,CA,,20210829
852,DOLEDFV,,5137624388,KROGER,0079088091501,20210829,,59739,59763,,,10071430000912,78,11,240,,0,22,,33,,CA,,20210829
852,DOLEDFV,,5137624388,KROGER,0079088091501,20210829,,59739,59763,,,10071430000936,63,12,150,,0,15,,27,,CA,,20210829
852,DOLEDFV,,5137624388,KROGER,0079088091501,20210829,,59739,59763,,,10071430000943,122,12,170,,0,13,,25,,CA,,20210829
852,DOLEDFV,,5137624388,KROGER,0079088091501,20210829,,59739,59763,,,10071430000998,0,0,0,,0,0,,,,CA,,20210829
852,DOLEDFV,,5137624388,KROGER,0079088091501,20210829,,59739,59763,,,10071430001001,0,0,0,,0,0,,2,,CA,,20210829
852,DOLEDFV,,5137624388,KROGER,0079088091501,20210829,,59739,59763,,,10071430001018,0,0,0,,0,0,,2,,CA,,20210829
852,DOLEDFV,,5137624388,KROGER,0079088091501,20210829,,59739,59763,,,10071430001483,113,6,170,,0,16,,22,,CA,,20210829
852,DOLEDFV,,5137624388,KROGER,0079088091501,20210829,,59739,59763,,,10071430008062,467,50,750,,0,70,,120,,CA,,20210829
852,DOLEDFV,,5137624388,KROGER,0079088091501,20210829,,59739,59763,,,10071430009106,56,14,190,,0,26,,40,,CA,,20210829
852,DOLEDFV,,5137624388,KROGER,0079088091501,20210829,,59739,59763,,,10071430009250,95,19,240,,0,21,,40,,CA,,20210829
852,DOLEDFV,,5137624388,KROGER,0079088091501,20210829,,59739,59763,,,10071430009335,101,14,230,,0,26,,40,,CA,,20210829
852,DOLEDFV,,5137624388,KROGER,0079088091501,20210829,,59739,59763,,,10071430009519,114,31,510,,0,56,,87,,CA,,20210829
852,DOLEDFV,,5137624388,KROGER,0079088091501,20210829,,59739,59763,,,10071430009564,120,21,230,,0,35,,56,,CA,,20210829
852,DOLEDFV,,5137624388,KROGER,0079088091501,20210829,,59739,59763,,,10071430009649,167,31,420,,0,53,,84,,CA,,20210829
852,DOLEDFV,,5137624388,KROGER,0079088091501,20210829,,59739,59763,,,20071430009769,114,9,70,,0,14,,23,,CA,,20210829
852,DOLEDFV,,5137624388,KROGER,0079088091501,20210829,,59739,59763,,,10071430010089,0,0,290,,0,0,,34,,CA,,20210829
852,DOLEDFV,,5137624388,KROGER,0079088091501,20210829,,59739,59763,,,10071430010379,26,12,145,,0,13,,25,,CA,,20210829
852,DOLEDFV,,5137624388,KROGER,0079088091501,20210829,,59739,59763,,,10071430010539,0,0,0,,0,0,,55,,CA,,20210829
852,DOLEDFV,,5137624388,KROGER,0079088091501,20210829,,59739,59763,,,20071430010659,122,22,280,,0,30,,52,,CA,,20210829
852,DOLEDFV,,5137624388,KROGER,0079088091501,20210829,,59739,59763,,,20071430010666,186,12,210,,0,20,,32,,CA,,20210829
852,DOLEDFV,,5137624388,KROGER,0079088091501,20210829,,59739,59763,,,10071430010706,336,39,360,,0,62,,101,,CA,,20210829
852,DOLEDFV,,5137624388,KROGER,0079088091501,20210829,,59739,59763,,,10071430010737,227,25,410,,0,40,,65,,CA,,20210829
852,DOLEDFV,,5137624388,KROGER,0079088091501,20210829,,59739,59763,,,10071430017019,196,19,310,,0,32,,51,,CA,,20210829
852,DOLEDFV,,5137624388,KROGER,0079088091501,20210829,,59739,59763,,,10071430017026,914,133,2080,,0,235,,368,,CA,,20210829
852,DOLEDFV,,5137624388,KROGER,0079088091501,20210829,,59739,59763,,,10071430017170,205,23,360,,0,44,,67,,CA,,20210829
852,DOLEDFV,,5137624388,KROGER,0079088091501,20210829,,59739,59763,,,10071430017460,0,0,0,,0,0,,,,CA,,20210829
Record_Tag,Receiver,Vendor,Sender,Name,Location,Reporting_Date,ReqDelivery_Dat,Beginning_PO_Number,Ending_PO_Number,Sequence,Line_Number,Item_Cod,CODE-QA,CODE-QW,CODE-QP,CODE-QD,CODE-QO,CODE-QC,CODE-QX,CODE-OQ,OTHER,UOM,Price,Date_Process
852,DOLEDFV,,5137624388,KROGER,0079088092201,20210829,,64780,64804,,,10071430000295,197,39,360,,0,0,,39,,CA,,20210829
852,DOLEDFV,,5137624388,KROGER,0079088092201,20210829,,64780,64804,,,10071430000318,179,46,470,,0,0,,46,,CA,,20210829
852,DOLEDFV,,5137624388,KROGER,0079088092201,20210829,,64780,64804,,,10071430000349,461,120,1050,,0,0,,120,,CA,,20210829
852,DOLEDFV,,5137624388,KROGER,0079088092201,20210829,,64780,64804,,,10071430000356,310,76,770,,0,0,,76,,CA,,20210829
852,DOLEDFV,,5137624388,KROGER,0079088092201,20210829,,64780,64804,,,10071430000806,114,12,150,,0,0,,12,,CA,,20210829
852,DOLEDFV,,5137624388,KROGER,0079088092201,20210829,,64780,64804,,,10071430000837,139,61,300,,0,0,,61,,CA,,20210829
852,DOLEDFV,,5137624388,KROGER,0079088092201,20210829,,64780,64804,,,10071430000844,355,90,780,,0,0,,90,,CA,,20210829
852,DOLEDFV,,5137624388,KROGER,0079088092201,20210829,,64780,64804,,,10071430000851,0,0,0,,0,0,,,,CA,,20210829
852,DOLEDFV,,5137624388,KROGER,0079088092201,20210829,,64780,64804,,,10071430000882,114,16,160,,0,0,,16,,CA,,20210829
852,DOLEDFV,,5137624388,KROGER,0079088092201,20210829,,64780,64804,,,10071430000899,185,35,400,,0,0,,35,,CA,,20210829
852,DOLEDFV,,5137624388,KROGER,0079088092201,20210829,,64780,64804,,,10071430000912,159,21,240,,0,0,,21,,CA,,20210829
852,DOLEDFV,,5137624388,KROGER,0079088092201,20210829,,64780,64804,,,10071430000936,92,15,120,,0,0,,15,,CA,,20210829
852,DOLEDFV,,5137624388,KROGER,0079088092201,20210829,,64780,64804,,,10071430000943,83,17,110,,0,0,,17,,CA,,20210829
852,DOLEDFV,,5137624388,KROGER,0079088092201,20210829,,64780,64804,,,10071430000998,0,0,0,,0,0,,,,CA,,20210829
852,DOLEDFV,,5137624388,KROGER,0079088092201,20210829,,64780,64804,,,10071430001001,0,0,0,,0,0,,,,CA,,20210829
852,DOLEDFV,,5137624388,KROGER,0079088092201,20210829,,64780,64804,,,10071430001018,0,0,0,,0,0,,,,CA,,20210829
852,DOLEDFV,,5137624388,KROGER,0079088092201,20210829,,64780,64804,,,10071430001483,63,26,100,,0,0,,26,,CA,,20210829
852,DOLEDFV,,5137624388,KROGER,0079088092201,20210829,,64780,64804,,,10071430008062,340,95,650,,0,0,,95,,CA,,20210829
852,DOLEDFV,,5137624388,KROGER,0079088092201,20210829,,64780,64804,,,10071430009106,56,29,180,,0,0,,29,,CA,,20210829
852,DOLEDFV,,5137624388,KROGER,0079088092201,20210829,,64780,64804,,,10071430009250,133,21,160,,0,0,,21,,CA,,20210829
852,DOLEDFV,,5137624388,KROGER,0079088092201,20210829,,64780,64804,,,10071430009335,127,30,120,,0,0,,30,,CA,,20210829
852,DOLEDFV,,5137624388,KROGER,0079088092201,20210829,,64780,64804,,,10071430009519,192,61,290,,0,0,,61,,CA,,20210829
852,DOLEDFV,,5137624388,KROGER,0079088092201,20210829,,64780,64804,,,10071430009564,107,41,150,,0,0,,41,,CA,,20210829
852,DOLEDFV,,5137624388,KROGER,0079088092201,20210829,,64780,64804,,,10071430009649,136,64,170,,0,0,,64,,CA,,20210829
852,DOLEDFV,,5137624388,KROGER,0079088092201,20210829,,64780,64804,,,20071430009769,40,15,110,,0,0,,15,,CA,,20210829
852,DOLEDFV,,5137624388,KROGER,0079088092201,20210829,,64780,64804,,,10071430010089,4,36,170,,0,0,,36,,CA,,20210829
852,DOLEDFV,,5137624388,KROGER,0079088092201,20210829,,64780,64804,,,10071430010379,108,18,90,,0,0,,18,,CA,,20210829
852,DOLEDFV,,5137624388,KROGER,0079088092201,20210829,,64780,64804,,,10071430010539,0,0,0,,0,0,,35,,CA,,20210829
852,DOLEDFV,,5137624388,KROGER,0079088092201,20210829,,64780,64804,,,20071430010659,127,47,120,,0,0,,47,,CA,,20210829
852,DOLEDFV,,5137624388,KROGER,0079088092201,20210829,,64780,64804,,,20071430010666,99,34,130,,0,0,,34,,CA,,20210829
852,DOLEDFV,,5137624388,KROGER,0079088092201,20210829,,64780,64804,,,10071430010706,219,78,290,,0,0,,78,,CA,,20210829
852,DOLEDFV,,5137624388,KROGER,0079088092201,20210829,,64780,64804,,,10071430010737,208,54,450,,0,0,,54,,CA,,20210829
852,DOLEDFV,,5137624388,KROGER,0079088092201,20210829,,64780,64804,,,10071430017019,167,38,380,,0,0,,38,,CA,,20210829
852,DOLEDFV,,5137624388,KROGER,0079088092201,20210829,,64780,64804,,,10071430017026,1021,290,2200,,0,0,,290,,CA,,20210829
852,DOLEDFV,,5137624388,KROGER,0079088092201,20210829,,64780,64804,,,10071430017170,238,40,230,,0,0,,40,,CA,,20210829
852,DOLEDFV,,5137624388,KROGER,0079088092201,20210829,,64780,64804,,,10071430017460,0,0,0,,0,0,,1,,CA,,20210829
Record_Tag,Receiver,Vendor,Sender,Name,Location,Reporting_Date,ReqDelivery_Dat,Beginning_PO_Number,Ending_PO_Number,Sequence,Line_Number,Item_Cod,CODE-QA,CODE-QW,CODE-QP,CODE-QD,CODE-QO,CODE-QC,CODE-QX,CODE-OQ,OTHER,UOM,Price,Date_Process
852,DOLEDFV,,5137624388,KROGER,1190797882901,20210829,,53096,53117,,,10011110024746,174,70,225,,0,26,,61,,CA,,20210829
852,DOLEDFV,,5137624388,KROGER,1190797882901,20210829,,53096,53117,,,10011110061062,0,0,200,,45,25,,110,,CA,,20210829
852,DOLEDFV,,5137624388,KROGER,1190797882901,20210829,,53096,53117,,,10011110221480,165,54,150,,0,18,,47,,CA,,20210829
852,DOLEDFV,,5137624388,KROGER,1190797882901,20210829,,53096,53117,,,10011110221497,76,54,130,,0,28,,82,,CA,,20210829
852,DOLEDFV,,5137624388,KROGER,1190797882901,20210829,,53096,53117,,,10011110221503,127,29,130,,0,12,,27,,CA,,20210829
852,DOLEDFV,,5137624388,KROGER,1190797882901,20210829,,53096,53117,,,10011110910353,131,176,576,,0,55,,164,,CA,,20210829
852,DOLEDFV,,5137624388,KROGER,1190797882901,20210829,,53096,53117,,,10011110910360,265,130,540,,0,47,,121,,CA,,20210829
852,DOLEDFV,,5137624388,KROGER,1190797882901,20210829,,53096,53117,,,10011110910377,148,80,300,,0,28,,68,,CA,,20210829
852,DOLEDFV,,5137624388,KROGER,1190797882901,20210829,,53096,53117,,,10011110910384,54,107,450,,0,41,,101,,CA,,20210829
852,DOLEDFV,,5137624388,KROGER,1190797882901,20210829,,53096,53117,,,10011110910407,149,85,450,,0,34,,83,,CA,,20210829
852,DOLEDFV,,5137624388,KROGER,1190797882901,20210829,,53096,53117,,,10011110910414,226,88,360,,0,37,,88,,CA,,20210829
852,DOLEDFV,,5137624388,KROGER,1190797882901,20210829,,53096,53117,,,10011110910421,134,46,240,,0,21,,43,,CA,,20210829
852,DOLEDFV,,5137624388,KROGER,1190797882901,20210829,,53096,53117,,,10011110910445,135,68,270,,0,27,,59,,CA,,20210829
852,DOLEDFV,,5137624388,KROGER,1190797882901,20210829,,53096,53117,,,10011110910452,26,61,180,,0,29,,33,,CA,,20210829
852,DOLEDFV,,5137624388,KROGER,1190797882901,20210829,,53096,53117,,,10011110910469,130,50,270,,5,35,,85,,CA,,20210829
852,DOLEDFV,,5137624388,KROGER,1190797882901,20210829,,53096,53117,,,10011110910483,32,25,180,,0,16,,28,,CA,,20210829
852,DOLEDFV,,5137624388,KROGER,1190797882901,20210829,,53096,53117,,,10011110910506,6,37,360,,0,6,,75,,CA,,20210829
852,DOLEDFV,,5137624388,KROGER,1190797882901,20210829,,53096,53117,,,10011110910520,30,64,288,,4,30,,77,,CA,,20210829
852,DOLEDFV,,5137624388,KROGER,1190797882901,20210829,,53096,53117,,,10011110910841,83,65,288,,0,26,,61,,CA,,20210829
852,DOLEDFV,,5137624388,KROGER,1190797882901,20210829,,53096,53117,,,10011110914061,111,99,384,,0,28,,93,,CA,,20210829
852,DOLEDFV,,5137624388,KROGER,1190797882901,20210829,,53096,53117,,,10011110914085,109,156,576,,0,72,,155,,CA,,20210829
852,DOLEDFV,,5137624388,KROGER,1190797882901,20210829,,53096,53117,,,10011110914115,576,298,1056,,21,136,,324,,CA,,20210829
852,DOLEDFV,,5137624388,KROGER,1190797882901,20210829,,53096,53117,,,10011110914122,0,0,384,,0,0,,116,,CA,,20210829
852,DOLEDFV,,5137624388,KROGER,1190797882901,20210829,,53096,53117,,,10011110914269,191,162,540,,0,63,,159,,CA,,20210829
852,DOLEDFV,,5137624388,KROGER,1190797882901,20210829,,53096,53117,,,10011110914276,204,141,495,,0,55,,138,,CA,,20210829
852,DOLEDFV,,5137624388,KROGER,1190797882901,20210829,,53096,53117,,,10011110914306,284,195,768,,0,77,,187,,CA,,20210829
852,DOLEDFV,,5137624388,KROGER,1190797882901,20210829,,53096,53117,,,10011110914719,282,80,288,,0,30,,63,,CA,,20210829
852,DOLEDFV,,5137624388,KROGER,1190797882901,20210829,,53096,53117,,,10011110916133,313,189,720,,3,82,,191,,CA,,20210829
852,DOLEDFV,,5137624388,KROGER,1190797882901,20210829,,53096,53117,,,10011110916492,203,209,780,,0,71,,207,,CA,,20210829
852,DOLEDFV,,5137624388,KROGER,1190797882901,20210829,,53096,53117,,,10011110917277,104,55,192,,0,18,,52,,CA,,20210829
852,DOLEDFV,,5137624388,KROGER,1190797882901,20210829,,53096,53117,,,10011110917338,88,77,192,,0,26,,66,,CA,,20210829
852,DOLEDFV,,5137624388,KROGER,1190797882901,20210829,,53096,53117,,,10071430000295,33,16,120,,0,9,,21,,CA,,20210829
852,DOLEDFV,,5137624388,KROGER,1190797882901,20210829,,53096,53117,,,10071430000318,72,26,160,,0,13,,25,,CA,,20210829
852,DOLEDFV,,5137624388,KROGER,1190797882901,20210829,,53096,53117,,,10071430000349,78,55,260,,0,20,,52,,CA,,20210829
852,DOLEDFV,,5137624388,KROGER,1190797882901,20210829,,53096,53117,,,10071430000356,103,59,220,,0,22,,61,,CA,,20210829
852,DOLEDFV,,5137624388,KROGER,1190797882901,20210829,,53096,53117,,,10071430000806,3,8,90,,1,3,,20,,CA,,20210829
852,DOLEDFV,,5137624388,KROGER,1190797882901,20210829,,53096,53117,,,10071430000837,38,45,190,,0,17,,46,,CA,,20210829
852,DOLEDFV,,5137624388,KROGER,1190797882901,20210829,,53096,53117,,,10071430000844,106,95,410,,0,33,,89,,CA,,20210829
852,DOLEDFV,,5137624388,KROGER,1190797882901,20210829,,53096,53117,,,10071430000851,0,0,0,,0,0,,,,CA,,20210829
852,DOLEDFV,,5137624388,KROGER,1190797882901,20210829,,53096,53117,,,10071430000882,129,45,180,,0,15,,39,,CA,,20210829
852,DOLEDFV,,5137624388,KROGER,1190797882901,20210829,,53096,53117,,,10071430000899,110,49,210,,0,20,,48,,CA,,20210829
852,DOLEDFV,,5137624388,KROGER,1190797882901,20210829,,53096,53117,,,10071430000912,53,16,70,,0,9,,18,,CA,,20210829
852,DOLEDFV,,5137624388,KROGER,1190797882901,20210829,,53096,53117,,,10071430000936,45,23,80,,0,9,,24,,CA,,20210829
852,DOLEDFV,,5137624388,KROGER,1190797882901,20210829,,53096,53117,,,10071430000943,56,21,70,,1,9,,23,,CA,,20210829
852,DOLEDFV,,5137624388,KROGER,1190797882901,20210829,,53096,53117,,,10071430000998,0,0,0,,0,0,,,,CA,,20210829
852,DOLEDFV,,5137624388,KROGER,1190797882901,20210829,,53096,53117,,,10071430001001,0,0,0,,0,0,,,,CA,,20210829
852,DOLEDFV,,5137624388,KROGER,1190797882901,20210829,,53096,53117,,,10071430001018,0,0,0,,0,0,,,,CA,,20210829
852,DOLEDFV,,5137624388,KROGER,1190797882901,20210829,,53096,53117,,,10071430001483,74,52,184,,0,29,,81,,CA,,20210829
852,DOLEDFV,,5137624388,KROGER,1190797882901,20210829,,53096,53117,,,10071430001643,0,0,0,,0,0,,,,CA,,20210829
852,DOLEDFV,,5137624388,KROGER,1190797882901,20210829,,53096,53117,,,10071430001650,0,0,0,,0,0,,,,CA,,20210829
852,DOLEDFV,,5137624388,KROGER,1190797882901,20210829,,53096,53117,,,10071430001667,0,1,84,,10,12,,21,,CA,,20210829
852,DOLEDFV,,5137624388,KROGER,1190797882901,20210829,,53096,53117,,,10071430001681,11,3,112,,0,11,,69,,CA,,20210829
852,DOLEDFV,,5137624388,KROGER,1190797882901,20210829,,53096,53117,,,10071430008062,102,67,260,,0,22,,59,,CA,,20210829
852,DOLEDFV,,5137624388,KROGER,1190797882901,20210829,,53096,53117,,,10071430009106,52,44,180,,2,26,,54,,CA,,20210829
852,DOLEDFV,,5137624388,KROGER,1190797882901,20210829,,53096,53117,,,10071430009250,45,24,100,,0,10,,25,,CA,,20210829
852,DOLEDFV,,5137624388,KROGER,1190797882901,20210829,,53096,53117,,,10071430009335,30,61,180,,2,30,,78,,CA,,20210829
852,DOLEDFV,,5137624388,KROGER,1190797882901,20210829,,53096,53117,,,10071430009519,56,54,250,,8,34,,88,,CA,,20210829
852,DOLEDFV,,5137624388,KROGER,1190797882901,20210829,,53096,53117,,,10071430009564,21,51,170,,0,21,,70,,CA,,20210829
852,DOLEDFV,,5137624388,KROGER,1190797882901,20210829,,53096,53117,,,10071430009649,20,58,270,,0,20,,98,,CA,,20210829
852,DOLEDFV,,5137624388,KROGER,1190797882901,20210829,,53096,53117,,,10071430009748,95,52,170,,0,24,,54,,CA,,20210829
852,DOLEDFV,,5137624388,KROGER,1190797882901,20210829,,53096,53117,,,20071430009769,26,24,80,,0,9,,22,,CA,,20210829
852,DOLEDFV,,5137624388,KROGER,1190797882901,20210829,,53096,53117,,,10071430010089,25,32,80,,0,19,,44,,CA,,20210829
852,DOLEDFV,,5137624388,KROGER,1190797882901,20210829,,53096,53117,,,10071430010362,15,23,20,,1,3,,18,,CA,,20210829
852,DOLEDFV,,5137624388,KROGER,1190797882901,20210829,,53096,53117,,,10071430010379,10,33,120,,0,10,,29,,CA,,20210829
852,DOLEDFV,,5137624388,KROGER,1190797882901,20210829,,53096,53117,,,10071430010539,0,0,0,,0,0,,,,CA,,20210829
852,DOLEDFV,,5137624388,KROGER,1190797882901,20210829,,53096,53117,,,20071430010659,101,67,320,,1,40,,78,,CA,,20210829
852,DOLEDFV,,5137624388,KROGER,1190797882901,20210829,,53096,53117,,,20071430010666,20,36,300,,2,20,,64,,CA,,20210829
852,DOLEDFV,,5137624388,KROGER,1190797882901,20210829,,53096,53117,,,10071430010706,32,83,320,,1,30,,87,,CA,,20210829
852,DOLEDFV,,5137624388,KROGER,1190797882901,20210829,,53096,53117,,,10071430010737,78,54,190,,0,13,,39,,CA,,20210829
852,DOLEDFV,,5137624388,KROGER,1190797882901,20210829,,53096,53117,,,10071430017019,61,29,170,,0,18,,35,,CA,,20210829
852,DOLEDFV,,5137624388,KROGER,1190797882901,20210829,,53096,53117,,,10071430017026,258,130,610,,0,39,,118,,CA,,20210829
852,DOLEDFV,,5137624388,KROGER,1190797882901,20210829,,53096,53117,,,10071430017170,10,30,170,,0,14,,31,,CA,,20210829
852,DOLEDFV,,5137624388,KROGER,1190797882901,20210829,,53096,53117,,,10071430017408,0,0,0,,0,0,,,,CA,,20210829
852,DOLEDFV,,5137624388,KROGER,1190797882901,20210829,,53096,53117,,,10071430017460,0,0,0,,0,0,,,,CA,,20210829
Record_Tag,Receiver,Vendor,Sender,Name,Location,Reporting_Date,ReqDelivery_Dat,Beginning_PO_Number,Ending_PO_Number,Sequence,Line_Number,Item_Cod,CODE-QA,CODE-QW,CODE-QP,CODE-QD,CODE-QO,CODE-QC,CODE-QX,CODE-OQ,OTHER,UOM,Price,Date_Process
852,DOLEDFV,,5137624388,KROGER,0381769213001,20210829,,14240,14249,,,10071430000288,0,0,0,,0,0,,,,CA,,20210829
852,DOLEDFV,,5137624388,KROGER,0381769213001,20210829,,14240,14249,,,10071430000295,82,47,150,,1,37,,48,,CA,,20210829
852,DOLEDFV,,5137624388,KROGER,0381769213001,20210829,,14240,14249,,,10071430000318,51,39,290,,1,43,,40,,CA,,20210829
852,DOLEDFV,,5137624388,KROGER,0381769213001,20210829,,14240,14249,,,10071430000349,146,59,190,,0,61,,59,,CA,,20210829
852,DOLEDFV,,5137624388,KROGER,0381769213001,20210829,,14240,14249,,,10071430000356,61,98,500,,3,84,,100,,CA,,20210829
852,DOLEDFV,,5137624388,KROGER,0381769213001,20210829,,14240,14249,,,10071430000806,117,34,70,,0,32,,34,,CA,,20210829
852,DOLEDFV,,5137624388,KROGER,0381769213001,20210829,,14240,14249,,,10071430000837,124,55,221,,0,67,,55,,CA,,20210829
852,DOLEDFV,,5137624388,KROGER,0381769213001,20210829,,14240,14249,,,10071430000844,161,78,350,,0,100,,77,,CA,,20210829
852,DOLEDFV,,5137624388,KROGER,0381769213001,20210829,,14240,14249,,,10071430000851,0,0,0,,0,0,,,,CA,,20210829
852,DOLEDFV,,5137624388,KROGER,0381769213001,20210829,,14240,14249,,,10071430000882,65,34,150,,0,24,,34,,CA,,20210829
852,DOLEDFV,,5137624388,KROGER,0381769213001,20210829,,14240,14249,,,10071430000899,80,33,150,,4,51,,37,,CA,,20210829
852,DOLEDFV,,5137624388,KROGER,0381769213001,20210829,,14240,14249,,,10071430000912,0,35,200,,0,46,,51,,CA,,20210829
852,DOLEDFV,,5137624388,KROGER,0381769213001,20210829,,14240,14249,,,10071430000936,61,23,50,,0,27,,23,,CA,,20210829
852,DOLEDFV,,5137624388,KROGER,0381769213001,20210829,,14240,14249,,,10071430000943,134,17,150,,0,12,,16,,CA,,20210829
852,DOLEDFV,,5137624388,KROGER,0381769213001,20210829,,14240,14249,,,10071430000998,0,0,0,,0,0,,1,,CA,,20210829
852,DOLEDFV,,5137624388,KROGER,0381769213001,20210829,,14240,14249,,,10071430001001,0,0,0,,0,0,,1,,CA,,20210829
852,DOLEDFV,,5137624388,KROGER,0381769213001,20210829,,14240,14249,,,10071430001018,0,0,0,,0,0,,1,,CA,,20210829
852,DOLEDFV,,5137624388,KROGER,0381769213001,20210829,,14240,14249,,,10071430001483,40,27,80,,0,21,,26,,CA,,20210829
852,DOLEDFV,,5137624388,KROGER,0381769213001,20210829,,14240,14249,,,10071430002015,22,5,10,,0,5,,5,,CA,,20210829
852,DOLEDFV,,5137624388,KROGER,0381769213001,20210829,,14240,14249,,,10071430008062,171,107,620,,1,92,,107,,CA,,20210829
852,DOLEDFV,,5137624388,KROGER,0381769213001,20210829,,14240,14249,,,10071430008192,0,0,0,,0,0,,,,CA,,20210829
852,DOLEDFV,,5137624388,KROGER,0381769213001,20210829,,14240,14249,,,10071430009106,83,67,210,,0,62,,66,,CA,,20210829
852,DOLEDFV,,5137624388,KROGER,0381769213001,20210829,,14240,14249,,,10071430009250,60,11,170,,12,29,,22,,CA,,20210829
852,DOLEDFV,,5137624388,KROGER,0381769213001,20210829,,14240,14249,,,10071430009335,123,71,210,,0,70,,71,,CA,,20210829
852,DOLEDFV,,5137624388,KROGER,0381769213001,20210829,,14240,14249,,,10071430009519,200,84,360,,2,101,,85,,CA,,20210829
852,DOLEDFV,,5137624388,KROGER,0381769213001,20210829,,14240,14249,,,10071430009564,107,59,210,,0,71,,59,,CA,,20210829
852,DOLEDFV,,5137624388,KROGER,0381769213001,20210829,,14240,14249,,,10071430009649,245,156,330,,2,159,,157,,CA,,20210829
852,DOLEDFV,,5137624388,KROGER,0381769213001,20210829,,14240,14249,,,20071430009769,168,57,250,,1,62,,58,,CA,,20210829
852,DOLEDFV,,5137624388,KROGER,0381769213001,20210829,,14240,14249,,,10071430010089,91,39,220,,24,76,,63,,CA,,20210829
852,DOLEDFV,,5137624388,KROGER,0381769213001,20210829,,14240,14249,,,10071430010379,121,56,140,,0,53,,56,,CA,,20210829
852,DOLEDFV,,5137624388,KROGER,0381769213001,20210829,,14240,14249,,,10071430010539,0,0,20,,0,0,,,,CA,,20210829
852,DOLEDFV,,5137624388,KROGER,0381769213001,20210829,,14240,14249,,,20071430010659,80,59,260,,0,64,,58,,CA,,20210829
852,DOLEDFV,,5137624388,KROGER,0381769213001,20210829,,14240,14249,,,20071430010666,123,26,120,,0,35,,26,,CA,,20210829
852,DOLEDFV,,5137624388,KROGER,0381769213001,20210829,,14240,14249,,,10071430010706,67,59,201,,5,70,,62,,CA,,20210829
852,DOLEDFV,,5137624388,KROGER,0381769213001,20210829,,14240,14249,,,10071430010720,30,36,140,,4,39,,40,,CA,,20210829
852,DOLEDFV,,5137624388,KROGER,0381769213001,20210829,,14240,14249,,,10071430010737,83,71,270,,0,58,,69,,CA,,20210829
852,DOLEDFV,,5137624388,KROGER,0381769213001,20210829,,14240,14249,,,10071430011383,67,49,140,,2,40,,51,,CA,,20210829
852,DOLEDFV,,5137624388,KROGER,0381769213001,20210829,,14240,14249,,,10071430017019,108,31,140,,0,33,,30,,CA,,20210829
852,DOLEDFV,,5137624388,KROGER,0381769213001,20210829,,14240,14249,,,10071430017026,316,168,790,,0,182,,167,,CA,,20210829
852,DOLEDFV,,5137624388,KROGER,0381769213001,20210829,,14240,14249,,,10071430017422,0,0,0,,0,0,,,,CA,,20210829
852,DOLEDFV,,5137624388,KROGER,0381769213001,20210829,,14240,14249,,,10071430017460,0,0,0,,0,0,,,,CA,,20210829
Record_Tag,Receiver,Vendor,Sender,Name,Location,Reporting_Date,ReqDelivery_Dat,Beginning_PO_Number,Ending_PO_Number,Sequence,Line_Number,Item_Cod,CODE-QA,CODE-QW,CODE-QP,CODE-QD,CODE-QO,CODE-QC,CODE-QX,CODE-OQ,OTHER,UOM,Price,Date_Process
852,DOLEDFV,,5137624388,KROGER,0993915423401,20210829,,81127,81136,,,10071430000295,171,10,160,,0,30,,35,,CA,,20210829
852,DOLEDFV,,5137624388,KROGER,0993915423401,20210829,,81127,81136,,,10071430000318,188,13,160,,0,43,,50,,CA,,20210829
852,DOLEDFV,,5137624388,KROGER,0993915423401,20210829,,81127,81136,,,10071430000349,294,22,370,,0,70,,81,,CA,,20210829
852,DOLEDFV,,5137624388,KROGER,0993915423401,20210829,,81127,81136,,,10071430000356,326,18,240,,0,75,,79,,CA,,20210829
852,DOLEDFV,,5137624388,KROGER,0993915423401,20210829,,81127,81136,,,10071430000806,67,6,130,,0,22,,25,,CA,,20210829
852,DOLEDFV,,5137624388,KROGER,0993915423401,20210829,,81127,81136,,,10071430000837,197,12,300,,0,58,,61,,CA,,20210829
852,DOLEDFV,,5137624388,KROGER,0993915423401,20210829,,81127,81136,,,10071430000844,227,23,450,,0,43,,46,,CA,,20210829
852,DOLEDFV,,5137624388,KROGER,0993915423401,20210829,,81127,81136,,,10071430000851,0,0,0,,0,0,,,,CA,,20210829
852,DOLEDFV,,5137624388,KROGER,0993915423401,20210829,,81127,81136,,,10071430000882,77,7,200,,0,19,,24,,CA,,20210829
852,DOLEDFV,,5137624388,KROGER,0993915423401,20210829,,81127,81136,,,10071430000899,121,4,410,,0,18,,21,,CA,,20210829
852,DOLEDFV,,5137624388,KROGER,0993915423401,20210829,,81127,81136,,,10071430000912,188,5,220,,0,28,,31,,CA,,20210829
852,DOLEDFV,,5137624388,KROGER,0993915423401,20210829,,81127,81136,,,10071430000936,84,9,190,,0,19,,24,,CA,,20210829
852,DOLEDFV,,5137624388,KROGER,0993915423401,20210829,,81127,81136,,,10071430000943,15,9,130,,0,15,,21,,CA,,20210829
852,DOLEDFV,,5137624388,KROGER,0993915423401,20210829,,81127,81136,,,10071430000998,0,0,0,,0,0,,,,CA,,20210829
852,DOLEDFV,,5137624388,KROGER,0993915423401,20210829,,81127,81136,,,10071430001001,0,0,0,,0,0,,,,CA,,20210829
852,DOLEDFV,,5137624388,KROGER,0993915423401,20210829,,81127,81136,,,10071430001018,0,0,0,,0,0,,,,CA,,20210829
852,DOLEDFV,,5137624388,KROGER,0993915423401,20210829,,81127,81136,,,10071430001483,84,5,120,,0,22,,24,,CA,,20210829
852,DOLEDFV,,5137624388,KROGER,0993915423401,20210829,,81127,81136,,,10071430008062,199,37,590,,0,39,,40,,CA,,20210829
852,DOLEDFV,,5137624388,KROGER,0993915423401,20210829,,81127,81136,,,10071430009106,141,9,250,,0,35,,36,,CA,,20210829
852,DOLEDFV,,5137624388,KROGER,0993915423401,20210829,,81127,81136,,,10071430009250,54,9,390,,0,31,,37,,CA,,20210829
852,DOLEDFV,,5137624388,KROGER,0993915423401,20210829,,81127,81136,,,10071430009335,128,7,100,,0,32,,35,,CA,,20210829
852,DOLEDFV,,5137624388,KROGER,0993915423401,20210829,,81127,81136,,,10071430009519,189,13,270,,0,62,,67,,CA,,20210829
852,DOLEDFV,,5137624388,KROGER,0993915423401,20210829,,81127,81136,,,10071430009564,59,6,280,,0,34,,37,,CA,,20210829
852,DOLEDFV,,5137624388,KROGER,0993915423401,20210829,,81127,81136,,,10071430009649,337,17,250,,0,50,,59,,CA,,20210829
852,DOLEDFV,,5137624388,KROGER,0993915423401,20210829,,81127,81136,,,10071430009748,149,7,180,,0,29,,32,,CA,,20210829
852,DOLEDFV,,5137624388,KROGER,0993915423401,20210829,,81127,81136,,,20071430009769,101,4,100,,0,12,,12,,CA,,20210829
852,DOLEDFV,,5137624388,KROGER,0993915423401,20210829,,81127,81136,,,10071430010089,164,3,30,,0,28,,30,,CA,,20210829
852,DOLEDFV,,5137624388,KROGER,0993915423401,20210829,,81127,81136,,,10071430010379,150,9,120,,0,24,,29,,CA,,20210829
852,DOLEDFV,,5137624388,KROGER,0993915423401,20210829,,81127,81136,,,10071430010539,0,0,0,,0,0,,77,,CA,,20210829
852,DOLEDFV,,5137624388,KROGER,0993915423401,20210829,,81127,81136,,,20071430010659,130,14,320,,0,24,,30,,CA,,20210829
852,DOLEDFV,,5137624388,KROGER,0993915423401,20210829,,81127,81136,,,20071430010666,154,6,190,,0,41,,44,,CA,,20210829
852,DOLEDFV,,5137624388,KROGER,0993915423401,20210829,,81127,81136,,,10071430010706,108,10,340,,0,38,,45,,CA,,20210829
852,DOLEDFV,,5137624388,KROGER,0993915423401,20210829,,81127,81136,,,10071430010737,357,8,310,,0,40,,43,,CA,,20210829
852,DOLEDFV,,5137624388,KROGER,0993915423401,20210829,,81127,81136,,,10071430017019,195,4,350,,0,23,,25,,CA,,20210829
852,DOLEDFV,,5137624388,KROGER,0993915423401,20210829,,81127,81136,,,10071430017026,765,50,980,,0,120,,135,,CA,,20210829
852,DOLEDFV,,5137624388,KROGER,0993915423401,20210829,,81127,81136,,,10071430017170,184,9,160,,0,34,,37,,CA,,20210829
852,DOLEDFV,,5137624388,KROGER,0993915423401,20210829,,81127,81136,,,10071430017422,0,0,0,,0,0,,,,CA,,20210829
852,DOLEDFV,,5137624388,KROGER,0993915423401,20210829,,81127,81136,,,10071430017460,0,0,0,,0,0,,,,CA,,20210829
Record_Tag,Receiver,Vendor,Sender,Name,Location,Reporting_Date,ReqDelivery_Dat,Beginning_PO_Number,Ending_PO_Number,Sequence,Line_Number,Item_Cod,CODE-QA,CODE-QW,CODE-QP,CODE-QD,CODE-QO,CODE-QC,CODE-QX,CODE-OQ,OTHER,UOM,Price,Date_Process
852,DOLEDFV,,5137624388,KROGER,0993915423501,20210829,,27879,27888,,,10071430000295,196,36,210,,0,0,,36,,CA,,20210829
852,DOLEDFV,,5137624388,KROGER,0993915423501,20210829,,27879,27888,,,10071430000318,246,36,360,,0,0,,36,,CA,,20210829
852,DOLEDFV,,5137624388,KROGER,0993915423501,20210829,,27879,27888,,,10071430000349,334,66,450,,0,0,,66,,CA,,20210829
852,DOLEDFV,,5137624388,KROGER,0993915423501,20210829,,27879,27888,,,10071430000356,282,43,460,,0,0,,43,,CA,,20210829
852,DOLEDFV,,5137624388,KROGER,0993915423501,20210829,,27879,27888,,,10071430000806,85,32,160,,0,0,,32,,CA,,20210829
852,DOLEDFV,,5137624388,KROGER,0993915423501,20210829,,27879,27888,,,10071430000837,159,47,530,,0,0,,47,,CA,,20210829
852,DOLEDFV,,5137624388,KROGER,0993915423501,20210829,,27879,27888,,,10071430000844,256,87,830,,0,0,,87,,CA,,20210829
852,DOLEDFV,,5137624388,KROGER,0993915423501,20210829,,27879,27888,,,10071430000851,0,0,0,,0,0,,,,CA,,20210829
852,DOLEDFV,,5137624388,KROGER,0993915423501,20210829,,27879,27888,,,10071430000882,83,27,510,,0,0,,27,,CA,,20210829
852,DOLEDFV,,5137624388,KROGER,0993915423501,20210829,,27879,27888,,,10071430000899,211,49,470,,0,0,,49,,CA,,20210829
852,DOLEDFV,,5137624388,KROGER,0993915423501,20210829,,27879,27888,,,10071430000912,198,33,240,,0,0,,33,,CA,,20210829
852,DOLEDFV,,5137624388,KROGER,0993915423501,20210829,,27879,27888,,,10071430000936,99,16,240,,0,0,,16,,CA,,20210829
852,DOLEDFV,,5137624388,KROGER,0993915423501,20210829,,27879,27888,,,10071430000943,138,20,230,,0,0,,20,,CA,,20210829
852,DOLEDFV,,5137624388,KROGER,0993915423501,20210829,,27879,27888,,,10071430000998,0,0,0,,0,0,,,,CA,,20210829
852,DOLEDFV,,5137624388,KROGER,0993915423501,20210829,,27879,27888,,,10071430001001,0,0,0,,0,0,,,,CA,,20210829
852,DOLEDFV,,5137624388,KROGER,0993915423501,20210829,,27879,27888,,,10071430001018,0,0,0,,0,0,,,,CA,,20210829
852,DOLEDFV,,5137624388,KROGER,0993915423501,20210829,,27879,27888,,,10071430001483,89,25,250,,0,0,,25,,CA,,20210829
852,DOLEDFV,,5137624388,KROGER,0993915423501,20210829,,27879,27888,,,10071430008062,258,107,920,,0,0,,107,,CA,,20210829
852,DOLEDFV,,5137624388,KROGER,0993915423501,20210829,,27879,27888,,,10071430009106,144,43,270,,0,0,,43,,CA,,20210829
852,DOLEDFV,,5137624388,KROGER,0993915423501,20210829,,27879,27888,,,10071430009250,196,40,320,,0,0,,40,,CA,,20210829
852,DOLEDFV,,5137624388,KROGER,0993915423501,20210829,,27879,27888,,,10071430009335,168,30,260,,0,0,,30,,CA,,20210829
852,DOLEDFV,,5137624388,KROGER,0993915423501,20210829,,27879,27888,,,10071430009519,119,54,500,,0,0,,54,,CA,,20210829
852,DOLEDFV,,5137624388,KROGER,0993915423501,20210829,,27879,27888,,,10071430009564,11,39,400,,0,0,,39,,CA,,20210829
852,DOLEDFV,,5137624388,KROGER,0993915423501,20210829,,27879,27888,,,10071430009649,201,51,410,,0,0,,51,,CA,,20210829
852,DOLEDFV,,5137624388,KROGER,0993915423501,20210829,,27879,27888,,,10071430009748,113,48,390,,0,0,,48,,CA,,20210829
852,DOLEDFV,,5137624388,KROGER,0993915423501,20210829,,27879,27888,,,20071430009769,75,26,180,,0,0,,26,,CA,,20210829
852,DOLEDFV,,5137624388,KROGER,0993915423501,20210829,,27879,27888,,,10071430010089,85,18,190,,0,0,,18,,CA,,20210829
852,DOLEDFV,,5137624388,KROGER,0993915423501,20210829,,27879,27888,,,10071430010379,14,30,370,,0,0,,30,,CA,,20210829
852,DOLEDFV,,5137624388,KROGER,0993915423501,20210829,,27879,27888,,,10071430010539,0,0,0,,0,0,,77,,CA,,20210829
852,DOLEDFV,,5137624388,KROGER,0993915423501,20210829,,27879,27888,,,20071430010666,173,32,550,,0,0,,32,,CA,,20210829
852,DOLEDFV,,5137624388,KROGER,0993915423501,20210829,,27879,27888,,,10071430010706,67,62,500,,0,0,,62,,CA,,20210829
852,DOLEDFV,,5137624388,KROGER,0993915423501,20210829,,27879,27888,,,10071430010737,266,41,380,,0,0,,41,,CA,,20210829
852,DOLEDFV,,5137624388,KROGER,0993915423501,20210829,,27879,27888,,,10071430017019,233,22,310,,0,0,,22,,CA,,20210829
852,DOLEDFV,,5137624388,KROGER,0993915423501,20210829,,27879,27888,,,10071430017026,455,205,1890,,0,0,,205,,CA,,20210829
852,DOLEDFV,,5137624388,KROGER,0993915423501,20210829,,27879,27888,,,10071430017170,196,36,360,,0,0,,36,,CA,,20210829
852,DOLEDFV,,5137624388,KROGER,0993915423501,20210829,,27879,27888,,,10071430017422,0,0,0,,0,0,,,,CA,,20210829
852,DOLEDFV,,5137624388,KROGER,0993915423501,20210829,,27879,27888,,,10071430017460,0,0,0,,0,0,,,,CA,,20210829
Record_Tag,Receiver,Vendor,Sender,Name,Location,Reporting_Date,ReqDelivery_Dat,Beginning_PO_Number,Ending_PO_Number,Sequence,Line_Number,Item_Cod,CODE-QA,CODE-QW,CODE-QP,CODE-QD,CODE-QO,CODE-QC,CODE-QX,CODE-OQ,OTHER,UOM,Price,Date_Process
852,DOLEDFV,,5137624388,KROGER,0319715943802,20210829,,88951,88975,,,10071430000295,135,83,600,,0,56,,83,,CA,,20210829
852,DOLEDFV,,5137624388,KROGER,0319715943802,20210829,,88951,88975,,,10071430000318,122,124,900,,0,97,,125,,CA,,20210829
852,DOLEDFV,,5137624388,KROGER,0319715943802,20210829,,88951,88975,,,10071430000349,167,277,1980,,0,246,,278,,CA,,20210829
852,DOLEDFV,,5137624388,KROGER,0319715943802,20210829,,88951,88975,,,10071430000356,209,227,1500,,0,167,,228,,CA,,20210829
852,DOLEDFV,,5137624388,KROGER,0319715943802,20210829,,88951,88975,,,10071430000806,225,51,260,,2,32,,54,,CA,,20210829
852,DOLEDFV,,5137624388,KROGER,0319715943802,20210829,,88951,88975,,,10071430000837,0,107,1200,,12,88,,120,,CA,,20210829
852,DOLEDFV,,5137624388,KROGER,0319715943802,20210829,,88951,88975,,,10071430000844,126,200,1590,,0,151,,200,,CA,,20210829
852,DOLEDFV,,5137624388,KROGER,0319715943802,20210829,,88951,88975,,,10071430000851,0,0,0,,0,0,,,,CA,,20210829
852,DOLEDFV,,5137624388,KROGER,0319715943802,20210829,,88951,88975,,,10071430000882,216,79,750,,0,61,,79,,CA,,20210829
852,DOLEDFV,,5137624388,KROGER,0319715943802,20210829,,88951,88975,,,10071430000899,232,95,750,,0,74,,96,,CA,,20210829
852,DOLEDFV,,5137624388,KROGER,0319715943802,20210829,,88951,88975,,,10071430000912,339,94,600,,0,77,,95,,CA,,20210829
852,DOLEDFV,,5137624388,KROGER,0319715943802,20210829,,88951,88975,,,10071430000936,70,36,310,,0,42,,36,,CA,,20210829
852,DOLEDFV,,5137624388,KROGER,0319715943802,20210829,,88951,88975,,,10071430000943,53,58,300,,0,35,,59,,CA,,20210829
852,DOLEDFV,,5137624388,KROGER,0319715943802,20210829,,88951,88975,,,10071430000998,0,0,0,,0,0,,1,,CA,,20210829
852,DOLEDFV,,5137624388,KROGER,0319715943802,20210829,,88951,88975,,,10071430001001,0,0,0,,0,0,,1,,CA,,20210829
852,DOLEDFV,,5137624388,KROGER,0319715943802,20210829,,88951,88975,,,10071430001018,0,0,0,,0,0,,1,,CA,,20210829
852,DOLEDFV,,5137624388,KROGER,0319715943802,20210829,,88951,88975,,,10071430001483,115,39,60,,0,29,,39,,CA,,20210829
852,DOLEDFV,,5137624388,KROGER,0319715943802,20210829,,88951,88975,,,10071430008062,383,186,1470,,0,157,,186,,CA,,20210829
852,DOLEDFV,,5137624388,KROGER,0319715943802,20210829,,88951,88975,,,10071430009106,81,76,520,,0,75,,77,,CA,,20210829
852,DOLEDFV,,5137624388,KROGER,0319715943802,20210829,,88951,88975,,,10071430009250,109,81,650,,0,55,,81,,CA,,20210829
852,DOLEDFV,,5137624388,KROGER,0319715943802,20210829,,88951,88975,,,10071430009335,138,90,650,,0,83,,90,,CA,,20210829
852,DOLEDFV,,5137624388,KROGER,0319715943802,20210829,,88951,88975,,,10071430009519,0,125,1040,,8,107,,135,,CA,,20210829
852,DOLEDFV,,5137624388,KROGER,0319715943802,20210829,,88951,88975,,,10071430009564,30,104,650,,0,95,,106,,CA,,20210829
852,DOLEDFV,,5137624388,KROGER,0319715943802,20210829,,88951,88975,,,10071430009649,154,110,520,,1,103,,111,,CA,,20210829
852,DOLEDFV,,5137624388,KROGER,0319715943802,20210829,,88951,88975,,,10071430009748,277,120,470,,0,92,,120,,CA,,20210829
852,DOLEDFV,,5137624388,KROGER,0319715943802,20210829,,88951,88975,,,20071430009769,115,32,280,,0,45,,32,,CA,,20210829
852,DOLEDFV,,5137624388,KROGER,0319715943802,20210829,,88951,88975,,,10071430010089,169,70,520,,0,71,,71,,CA,,20210829
852,DOLEDFV,,5137624388,KROGER,0319715943802,20210829,,88951,88975,,,10071430010379,0,22,650,,37,57,,59,,CA,,20210829
852,DOLEDFV,,5137624388,KROGER,0319715943802,20210829,,88951,88975,,,10071430010539,0,0,130,,0,0,,126,,CA,,20210829
852,DOLEDFV,,5137624388,KROGER,0319715943802,20210829,,88951,88975,,,20071430010659,149,84,600,,1,84,,85,,CA,,20210829
852,DOLEDFV,,5137624388,KROGER,0319715943802,20210829,,88951,88975,,,20071430010666,12,75,600,,0,54,,75,,CA,,20210829
852,DOLEDFV,,5137624388,KROGER,0319715943802,20210829,,88951,88975,,,10071430010706,246,111,520,,0,108,,112,,CA,,20210829
852,DOLEDFV,,5137624388,KROGER,0319715943802,20210829,,88951,88975,,,10071430010720,43,40,300,,0,34,,40,,CA,,20210829
852,DOLEDFV,,5137624388,KROGER,0319715943802,20210829,,88951,88975,,,10071430010737,261,177,1630,,0,133,,177,,CA,,20210829
852,DOLEDFV,,5137624388,KROGER,0319715943802,20210829,,88951,88975,,,10071430017019,446,100,520,,0,61,,101,,CA,,20210829
852,DOLEDFV,,5137624388,KROGER,0319715943802,20210829,,88951,88975,,,10071430017026,764,558,4160,,0,439,,560,,CA,,20210829
852,DOLEDFV,,5137624388,KROGER,0319715943802,20210829,,88951,88975,,,10071430017422,0,0,0,,0,0,,,,CA,,20210829
852,DOLEDFV,,5137624388,KROGER,0319715943802,20210829,,88951,88975,,,10071430017460,0,0,0,,0,0,,,,CA,,20210829
